Ecosystem,Package,Version,License,Notes
Rust,RustyXML,0.3.0,MIT/Apache-2.0,
Rust,accesskit,0.24.1,MIT OR Apache-2.0,
Rust,accesskit_atspi_common,0.18.1,MIT OR Apache-2.0,
Rust,accesskit_consumer,0.38.0,MIT OR Apache-2.0,
Rust,accesskit_macos,0.26.3,MIT OR Apache-2.0,
Rust,accesskit_unix,0.21.1,MIT OR Apache-2.0,
Rust,accesskit_windows,0.32.1,MIT OR Apache-2.0,
Rust,accesskit_winit,0.32.2,Apache-2.0,
Rust,addr2line,0.25.1,Apache-2.0 OR MIT,
Rust,adler2,2.0.1,0BSD OR MIT OR Apache-2.0,
Rust,aead,0.5.2,MIT OR Apache-2.0,
Rust,aes,0.8.4,MIT OR Apache-2.0,
Rust,aes-gcm,0.10.3,Apache-2.0 OR MIT,
Rust,ahash,0.8.12,MIT OR Apache-2.0,
Rust,aho-corasick,1.1.4,Unlicense OR MIT,
Rust,aligned-vec,0.5.0,MIT,
Rust,allocator-api2,0.2.21,MIT OR Apache-2.0,
Rust,android-activity,0.6.1,MIT OR Apache-2.0,
Rust,android-properties,0.2.2,MIT,
Rust,android_system_properties,0.1.5,MIT/Apache-2.0,
Rust,anstream,1.0.0,MIT OR Apache-2.0,
Rust,anstyle,1.0.14,MIT OR Apache-2.0,
Rust,anstyle-parse,1.0.0,MIT OR Apache-2.0,
Rust,anstyle-query,1.1.5,MIT OR Apache-2.0,
Rust,anstyle-wincon,3.0.11,MIT OR Apache-2.0,
Rust,anyhow,1.0.104,MIT OR Apache-2.0,
Rust,approx,0.5.1,Apache-2.0,
Rust,arboard,3.6.1,MIT OR Apache-2.0,
Rust,array-init,2.1.0,MIT OR Apache-2.0,
Rust,arrayref,0.3.9,BSD-2-Clause,
Rust,arrayvec,0.7.8,MIT OR Apache-2.0,
Rust,arrow,57.3.1,Apache-2.0,
Rust,arrow-arith,57.3.1,Apache-2.0,
Rust,arrow-array,57.3.1,Apache-2.0,
Rust,arrow-buffer,57.3.1,Apache-2.0,
Rust,arrow-cast,57.3.1,Apache-2.0,
Rust,arrow-csv,57.3.1,Apache-2.0,
Rust,arrow-data,57.3.1,Apache-2.0,
Rust,arrow-ipc,57.3.1,Apache-2.0,
Rust,arrow-json,57.3.1,Apache-2.0,
Rust,arrow-ord,57.3.1,Apache-2.0,
Rust,arrow-row,57.3.1,Apache-2.0,
Rust,arrow-schema,57.3.1,Apache-2.0,
Rust,arrow-select,57.3.1,Apache-2.0,
Rust,arrow-string,57.3.1,Apache-2.0,
Rust,as-raw-xcb-connection,1.0.1,MIT OR Apache-2.0,
Rust,ascii,1.1.0,Apache-2.0 OR MIT,
Rust,ash,0.38.0+1.3.281,MIT OR Apache-2.0,
Rust,assert_matches,1.5.0,MIT/Apache-2.0,
Rust,async-broadcast,0.7.2,MIT OR Apache-2.0,
Rust,async-channel,2.5.0,Apache-2.0 OR MIT,
Rust,async-executor,1.14.0,Apache-2.0 OR MIT,
Rust,async-io,2.6.0,Apache-2.0 OR MIT,
Rust,async-lock,3.4.2,Apache-2.0 OR MIT,
Rust,async-process,2.5.0,Apache-2.0 OR MIT,
Rust,async-recursion,1.1.1,MIT OR Apache-2.0,
Rust,async-signal,0.2.14,Apache-2.0 OR MIT,
Rust,async-stream,0.3.6,MIT,
Rust,async-stream-impl,0.3.6,MIT,
Rust,async-task,4.7.1,Apache-2.0 OR MIT,
Rust,async-trait,0.1.91,MIT OR Apache-2.0,
Rust,atoi,2.0.0,MIT,
Rust,atomic-waker,1.1.2,Apache-2.0 OR MIT,
Rust,atomig,0.4.3,MIT/Apache-2.0,
Rust,atomig-macro,0.4.0,MIT/Apache-2.0,
Rust,atspi,0.29.0,Apache-2.0 OR MIT,
Rust,atspi-common,0.13.0,Apache-2.0 OR MIT,
Rust,atspi-proxies,0.13.0,Apache-2.0 OR MIT,
Rust,autocfg,1.5.1,Apache-2.0 OR MIT,
Rust,av-data,0.4.4,MIT,
Rust,axum,0.8.9,MIT,
Rust,axum-core,0.5.6,MIT,
Rust,axum-macros,0.3.8,MIT,
Rust,az,1.3.0,MIT/Apache-2.0,
Rust,backtrace,0.3.76,MIT OR Apache-2.0,
Rust,base64,0.22.1,MIT OR Apache-2.0,
Rust,base64ct,1.8.3,Apache-2.0 OR MIT,
Rust,bigdecimal,0.4.10,MIT/Apache-2.0,
Rust,bimap,0.6.3,Apache-2.0/MIT,
Rust,bincode,2.0.1,MIT,
Rust,bindgen,0.66.1,BSD-3-Clause,
Rust,binrw,0.12.1,MIT,
Rust,binrw_derive,0.12.1,MIT,
Rust,bit-set,0.9.1,Apache-2.0 OR MIT,
Rust,bit-vec,0.9.1,Apache-2.0 OR MIT,
Rust,bit_field,0.10.3,Apache-2.0/MIT,
Rust,bitflags,2.13.1,MIT OR Apache-2.0,
Rust,bitstream-io,2.6.0,MIT/Apache-2.0,
Rust,blake2,0.10.6,MIT OR Apache-2.0,
Rust,blake3,1.8.5,CC0-1.0 OR Apache-2.0 OR Apache-2.0 WITH LLVM-exception,
Rust,block,0.1.6,MIT,
Rust,block-buffer,0.10.4,MIT OR Apache-2.0,
Rust,block2,0.6.2,MIT,
Rust,blocking,1.6.2,Apache-2.0 OR MIT,
Rust,bstr,1.13.0,MIT OR Apache-2.0,
Rust,bumpalo,3.20.3,MIT OR Apache-2.0,
Rust,burn,0.13.2,MIT OR Apache-2.0,
Rust,burn-autodiff,0.13.2,MIT OR Apache-2.0,
Rust,burn-candle,0.13.2,MIT OR Apache-2.0,
Rust,burn-common,0.13.2,MIT OR Apache-2.0,
Rust,burn-compute,0.13.2,MIT OR Apache-2.0,
Rust,burn-core,0.13.2,MIT OR Apache-2.0,
Rust,burn-dataset,0.13.2,MIT OR Apache-2.0,
Rust,burn-derive,0.13.2,MIT OR Apache-2.0,
Rust,burn-fusion,0.13.2,MIT OR Apache-2.0,
Rust,burn-jit,0.13.2,MIT OR Apache-2.0,
Rust,burn-ndarray,0.13.2,MIT OR Apache-2.0,
Rust,burn-tch,0.13.2,MIT OR Apache-2.0,
Rust,burn-tensor,0.13.2,MIT OR Apache-2.0,
Rust,burn-train,0.13.2,MIT OR Apache-2.0,
Rust,burn-wgpu,0.13.2,MIT OR Apache-2.0,
Rust,byte-slice-cast,1.2.3,MIT,
Rust,bytemuck,1.25.2,Zlib OR Apache-2.0 OR MIT,
Rust,bytemuck_derive,1.11.0,Zlib OR Apache-2.0 OR MIT,
Rust,byteorder,1.5.0,Unlicense OR MIT,
Rust,byteorder-lite,0.1.0,Unlicense OR MIT,
Rust,bytes,1.12.1,MIT,
Rust,bytesize,1.3.3,Apache-2.0,
Rust,bytestring,1.5.1,MIT OR Apache-2.0,
Rust,bzip2,0.4.4,MIT/Apache-2.0,
Rust,bzip2-sys,0.1.13+1.0.8,MIT/Apache-2.0,
Rust,cacache,13.1.0,Apache-2.0,
Rust,calloop,0.14.4,MIT,
Rust,calloop-wayland-source,0.4.1,MIT,
Rust,camino,1.2.4,MIT OR Apache-2.0,
Rust,candle-core,0.4.1,MIT OR Apache-2.0,
Rust,cargo-platform,0.3.3,MIT OR Apache-2.0,
Rust,cargo_metadata,0.23.1,MIT,
Rust,cassowary,0.3.0,MIT / Apache-2.0,
Rust,cc,1.4.0,MIT OR Apache-2.0,
Rust,cdr-encoding,0.10.2,Apache-2.0,
Rust,cellhawk-core,0.1.0,UNKNOWN,
Rust,cellhawk-edge,0.1.0,UNKNOWN,
Rust,cellhawk-gcs,0.1.0,UNKNOWN,
Rust,cexpr,0.6.0,Apache-2.0/MIT,
Rust,cfb,0.7.3,MIT,
Rust,cfg-if,1.0.4,MIT OR Apache-2.0,
Rust,cfg_aliases,0.2.2,MIT,
Rust,cgl,0.3.2,MIT / Apache-2.0,
Rust,chacha20,0.10.1,MIT OR Apache-2.0,
Rust,chrono,0.4.45,MIT OR Apache-2.0,
Rust,chrono-tz,0.10.4,MIT OR Apache-2.0,
Rust,chunked_transfer,1.5.0,MIT OR Apache-2.0,
Rust,cipher,0.4.4,MIT OR Apache-2.0,
Rust,clang-sys,1.8.1,Apache-2.0,
Rust,clap,4.6.4,MIT OR Apache-2.0,
Rust,clap_builder,4.6.2,MIT OR Apache-2.0,
Rust,clap_derive,4.6.4,MIT OR Apache-2.0,
Rust,clap_lex,1.1.0,MIT OR Apache-2.0,
Rust,clean-path,0.2.1,MIT OR Apache-2.0,
Rust,clipboard-win,5.4.1,BSL-1.0,
Rust,cmake,0.1.58,MIT OR Apache-2.0,
Rust,codespan-reporting,0.13.1,Apache-2.0,
Rust,color,0.3.3,Apache-2.0 OR MIT,
Rust,color-hex,0.2.0,MIT,
Rust,color_quant,1.1.0,MIT,
Rust,colorchoice,1.0.5,MIT OR Apache-2.0,
Rust,colored,2.2.0,MPL-2.0,
Rust,com,0.6.0,MIT,
Rust,com_macros,0.6.0,MIT,
Rust,com_macros_support,0.6.0,MIT,
Rust,combine,4.6.7,MIT,
Rust,comfy-table,7.2.2,MIT,
Rust,concat-idents,1.1.5,MIT OR Apache-2.0,
Rust,concrete-csprng,0.4.1,BSD-3-Clause-Clear,
Rust,concrete-fft,0.4.1,BSD-3-Clause-Clear,
Rust,concurrent-queue,2.5.0,Apache-2.0 OR MIT,
Rust,console,0.16.4,MIT,
Rust,const-random,0.1.18,MIT OR Apache-2.0,
Rust,const-random-macro,0.1.16,MIT OR Apache-2.0,
Rust,const_format,0.2.36,Zlib,
Rust,const_format_proc_macros,0.2.34,Zlib,
Rust,const_soft_float,0.1.4,MIT OR Apache-2.0,
Rust,constant_time_eq,0.4.2,CC0-1.0 OR MIT-0 OR Apache-2.0,
Rust,constgebra,0.1.4,MIT OR Apache-2.0,
Rust,convert_case,0.11.0,MIT,
Rust,core-foundation,0.10.1,MIT OR Apache-2.0,
Rust,core-foundation-sys,0.8.7,MIT OR Apache-2.0,
Rust,core-graphics,0.23.2,MIT OR Apache-2.0,
Rust,core-graphics-types,0.1.3,MIT OR Apache-2.0,
Rust,cpufeatures,0.3.0,MIT OR Apache-2.0,
Rust,crc-any,1.1.3,MIT,
Rust,crc32fast,1.5.0,MIT OR Apache-2.0,
Rust,cros-codecs,0.0.6,BSD-3-Clause,
Rust,crossbeam,0.8.4,MIT OR Apache-2.0,
Rust,crossbeam-channel,0.5.16,MIT OR Apache-2.0,
Rust,crossbeam-deque,0.8.7,MIT OR Apache-2.0,
Rust,crossbeam-epoch,0.9.20,MIT OR Apache-2.0,
Rust,crossbeam-queue,0.3.13,MIT OR Apache-2.0,
Rust,crossbeam-utils,0.8.22,MIT OR Apache-2.0,
Rust,crossterm,0.29.0,MIT,
Rust,crossterm_winapi,0.9.1,MIT,
Rust,crunchy,0.2.4,MIT,
Rust,crypto-common,0.1.7,MIT OR Apache-2.0,
Rust,csv,1.4.0,Unlicense/MIT,
Rust,csv-core,0.1.13,Unlicense/MIT,
Rust,ctr,0.9.2,MIT OR Apache-2.0,
Rust,cursor-icon,1.2.0,MIT OR Apache-2.0 OR Zlib,
Rust,d3d12,0.19.0,MIT OR Apache-2.0,
Rust,dae-parser,0.11.0,MIT OR Apache-2.0,
Rust,darling,0.21.3,MIT,
Rust,darling_core,0.21.3,MIT,
Rust,darling_macro,0.21.3,MIT,
Rust,dashmap,6.2.1,MIT,
Rust,data-encoding,2.11.0,MIT,
Rust,data-url,0.3.2,MIT OR Apache-2.0,
Rust,datafusion,52.5.0,Apache-2.0,
Rust,datafusion-catalog,52.5.0,Apache-2.0,
Rust,datafusion-catalog-listing,52.5.0,Apache-2.0,
Rust,datafusion-common,52.5.0,Apache-2.0,
Rust,datafusion-common-runtime,52.5.0,Apache-2.0,
Rust,datafusion-datasource,52.5.0,Apache-2.0,
Rust,datafusion-datasource-arrow,52.5.0,Apache-2.0,
Rust,datafusion-datasource-csv,52.5.0,Apache-2.0,
Rust,datafusion-datasource-json,52.5.0,Apache-2.0,
Rust,datafusion-doc,52.5.0,Apache-2.0,
Rust,datafusion-execution,52.5.0,Apache-2.0,
Rust,datafusion-expr,52.5.0,Apache-2.0,
Rust,datafusion-expr-common,52.5.0,Apache-2.0,
Rust,datafusion-functions,52.5.0,Apache-2.0,
Rust,datafusion-functions-aggregate,52.5.0,Apache-2.0,
Rust,datafusion-functions-aggregate-common,52.5.0,Apache-2.0,
Rust,datafusion-functions-nested,52.5.0,Apache-2.0,
Rust,datafusion-functions-table,52.5.0,Apache-2.0,
Rust,datafusion-functions-window,52.5.0,Apache-2.0,
Rust,datafusion-functions-window-common,52.5.0,Apache-2.0,
Rust,datafusion-macros,52.5.0,Apache-2.0,
Rust,datafusion-optimizer,52.5.0,Apache-2.0,
Rust,datafusion-physical-expr,52.5.0,Apache-2.0,
Rust,datafusion-physical-expr-adapter,52.5.0,Apache-2.0,
Rust,datafusion-physical-expr-common,52.5.0,Apache-2.0,
Rust,datafusion-physical-optimizer,52.5.0,Apache-2.0,
Rust,datafusion-physical-plan,52.5.0,Apache-2.0,
Rust,datafusion-pruning,52.5.0,Apache-2.0,
Rust,datafusion-session,52.5.0,Apache-2.0,
Rust,datafusion-sql,52.5.0,Apache-2.0,
Rust,defmt,1.1.1,MIT OR Apache-2.0,
Rust,defmt-macros,1.1.1,MIT OR Apache-2.0,
Rust,defmt-parser,1.0.0,MIT OR Apache-2.0,
Rust,deranged,0.5.8,MIT OR Apache-2.0,
Rust,derive-new,0.6.0,MIT,
Rust,dify,0.8.0,MIT,
Rust,digest,0.10.7,MIT OR Apache-2.0,
Rust,directories,6.0.0,MIT OR Apache-2.0,
Rust,dirs,5.0.1,MIT OR Apache-2.0,
Rust,dirs-sys,0.5.0,MIT OR Apache-2.0,
Rust,dispatch,0.2.0,MIT,
Rust,dispatch2,0.3.1,Zlib OR Apache-2.0 OR MIT,
Rust,displaydoc,0.2.6,MIT OR Apache-2.0,
Rust,dlib,0.5.3,MIT,
Rust,document-features,0.2.12,MIT OR Apache-2.0,
Rust,downcast-rs,1.2.1,MIT/Apache-2.0,
Rust,dpi,0.1.2,Apache-2.0 AND MIT,
Rust,dtoa,1.0.11,MIT OR Apache-2.0,
Rust,dyn-stack,0.10.0,MIT,
Rust,ecolor,0.34.3,MIT OR Apache-2.0,
Rust,econtext,0.2.0,MIT OR Apache-2.0,
Rust,eframe,0.34.3,MIT OR Apache-2.0,
Rust,egui,0.34.3,MIT OR Apache-2.0,
Rust,egui-wgpu,0.34.3,MIT OR Apache-2.0,
Rust,egui-winit,0.34.3,MIT OR Apache-2.0,
Rust,egui_animation,0.11.0,MIT,
Rust,egui_commonmark,0.23.0,MIT OR Apache-2.0,
Rust,egui_commonmark_backend,0.23.0,MIT OR Apache-2.0,
Rust,egui_dnd,0.15.0,MIT,
Rust,egui_extras,0.34.3,MIT OR Apache-2.0,
Rust,egui_glow,0.34.3,MIT OR Apache-2.0,
Rust,egui_kittest,0.34.3,MIT OR Apache-2.0,
Rust,egui_plot,0.35.0,MIT OR Apache-2.0,
Rust,egui_table,0.8.0,MIT OR Apache-2.0,
Rust,egui_tiles,0.15.0,MIT OR Apache-2.0,
Rust,ehttp,0.7.1,MIT OR Apache-2.0,
Rust,either,1.17.0,MIT OR Apache-2.0,
Rust,emath,0.34.3,MIT OR Apache-2.0,
Rust,encode_unicode,1.0.0,Apache-2.0 OR MIT,
Rust,endi,1.1.1,MIT,
Rust,enum-as-inner,0.6.1,MIT/Apache-2.0,
Rust,enum-map,2.7.3,MIT OR Apache-2.0,
Rust,enum-map-derive,0.17.0,MIT OR Apache-2.0,
Rust,enumflags2,0.7.12,MIT OR Apache-2.0,
Rust,enumflags2_derive,0.7.12,MIT OR Apache-2.0,
Rust,enumn,0.1.14,MIT OR Apache-2.0,
Rust,enumset,1.1.14,MIT/Apache-2.0,
Rust,enumset_derive,0.15.0,MIT/Apache-2.0,
Rust,env_filter,2.0.0,MIT OR Apache-2.0,
Rust,env_logger,0.11.11,MIT OR Apache-2.0,
Rust,epaint,0.34.3,MIT OR Apache-2.0,
Rust,epaint_default_fonts,0.34.3,(MIT OR Apache-2.0) AND OFL-1.1 AND Ubuntu-font-1.0,
Rust,equivalent,1.0.2,Apache-2.0 OR MIT,
Rust,errno,0.3.14,MIT OR Apache-2.0,
Rust,error-code,3.3.2,BSL-1.0,
Rust,euclid,0.22.14,MIT OR Apache-2.0,
Rust,event-listener,5.4.1,Apache-2.0 OR MIT,
Rust,event-listener-strategy,0.5.4,Apache-2.0 OR MIT,
Rust,exr,1.74.2,BSD-3-Clause,
Rust,fallible-iterator,0.3.0,MIT/Apache-2.0,
Rust,fallible-streaming-iterator,0.1.9,MIT/Apache-2.0,
Rust,faster-hex,0.9.0,MIT,
Rust,fastrand,2.5.0,Apache-2.0 OR MIT,
Rust,fax,0.2.7,MIT,
Rust,fdeflate,0.3.7,MIT OR Apache-2.0,
Rust,fearless_simd,0.3.0,Apache-2.0 OR MIT,
Rust,ffmpeg-sidecar,2.5.2,MIT,
Rust,find-msvc-tools,0.1.9,MIT OR Apache-2.0,
Rust,fixed,1.31.0,MIT/Apache-2.0,
Rust,fixedbitset,0.5.7,MIT OR Apache-2.0,
Rust,fjadra,0.2.1,MIT OR Apache-2.0,
Rust,flatbuffers,25.12.19,Apache-2.0,
Rust,flate2,1.1.9,MIT OR Apache-2.0,
Rust,float-cmp,0.10.0,MIT,
Rust,fnv,1.0.7,Apache-2.0 / MIT,
Rust,foldhash,0.2.0,Zlib,
Rust,font-types,0.11.3,MIT OR Apache-2.0,
Rust,foreign-types,0.5.0,MIT/Apache-2.0,
Rust,foreign-types-macros,0.2.4,MIT/Apache-2.0,
Rust,foreign-types-shared,0.3.1,MIT/Apache-2.0,
Rust,form_urlencoded,1.2.2,MIT OR Apache-2.0,
Rust,four-cc,0.4.0,MIT/Apache-2.0,
Rust,fs_extra,1.3.0,MIT,
Rust,fsevent-sys,4.1.0,MIT,
Rust,futures,0.3.33,MIT OR Apache-2.0,
Rust,futures-channel,0.3.33,MIT OR Apache-2.0,
Rust,futures-core,0.3.33,MIT OR Apache-2.0,
Rust,futures-executor,0.3.33,MIT OR Apache-2.0,
Rust,futures-intrusive,0.5.0,MIT OR Apache-2.0,
Rust,futures-io,0.3.33,MIT OR Apache-2.0,
Rust,futures-lite,2.6.1,Apache-2.0 OR MIT,
Rust,futures-macro,0.3.33,MIT OR Apache-2.0,
Rust,futures-sink,0.3.33,MIT OR Apache-2.0,
Rust,futures-task,0.3.33,MIT OR Apache-2.0,
Rust,futures-util,0.3.33,MIT OR Apache-2.0,
Rust,gemm,0.17.1,MIT,
Rust,gemm-c32,0.17.1,MIT,
Rust,gemm-c64,0.17.1,MIT,
Rust,gemm-common,0.17.1,MIT,
Rust,gemm-f16,0.17.1,MIT,
Rust,gemm-f32,0.17.1,MIT,
Rust,gemm-f64,0.17.1,MIT,
Rust,generic-array,0.14.7,MIT,
Rust,geo-types,0.7.19,MIT OR Apache-2.0,
Rust,gethostname,1.1.0,Apache-2.0,
Rust,getopts,0.2.24,MIT OR Apache-2.0,
Rust,getrandom,0.4.3,MIT OR Apache-2.0,
Rust,ghash,0.5.1,Apache-2.0 OR MIT,
Rust,gif,0.13.3,MIT OR Apache-2.0,
Rust,gimli,0.32.3,MIT OR Apache-2.0,
Rust,gix-features,0.36.1,MIT OR Apache-2.0,
Rust,gix-fs,0.8.1,MIT OR Apache-2.0,
Rust,gix-hash,0.13.3,MIT OR Apache-2.0,
Rust,gix-tempfile,11.0.1,MIT OR Apache-2.0,
Rust,gix-trace,0.1.21,MIT OR Apache-2.0,
Rust,gl_generator,0.14.0,Apache-2.0,
Rust,glam,0.33.2,MIT OR Apache-2.0,
Rust,glob,0.3.4,MIT OR Apache-2.0,
Rust,globset,0.4.19,Unlicense OR MIT,
Rust,glow,0.17.0,MIT OR Apache-2.0 OR Zlib,
Rust,gltf,1.4.1,MIT OR Apache-2.0,
Rust,gltf-derive,1.4.1,MIT OR Apache-2.0,
Rust,gltf-json,1.4.1,MIT OR Apache-2.0,
Rust,glutin,0.32.3,Apache-2.0,
Rust,glutin-winit,0.5.0,MIT,
Rust,glutin_egl_sys,0.7.1,Apache-2.0,
Rust,glutin_glx_sys,0.6.1,Apache-2.0,
Rust,glutin_wgl_sys,0.6.1,Apache-2.0,
Rust,gpu-alloc,0.6.2,MIT OR Apache-2.0,
Rust,gpu-alloc-types,0.3.1,MIT OR Apache-2.0,
Rust,gpu-allocator,0.28.0,MIT OR Apache-2.0,
Rust,gpu-descriptor,0.3.2,MIT OR Apache-2.0,
Rust,gpu-descriptor-types,0.2.0,MIT OR Apache-2.0,
Rust,h2,0.4.15,MIT,
Rust,h264-reader,0.8.0,MIT/Apache-2.0,
Rust,half,2.7.1,MIT OR Apache-2.0,
Rust,hashbrown,0.17.1,MIT OR Apache-2.0,
Rust,hashlink,0.8.4,MIT OR Apache-2.0,
Rust,hassle-rs,0.11.0,MIT,
Rust,heck,0.5.0,MIT OR Apache-2.0,
Rust,hello_egui_utils,0.11.0,MIT,
Rust,hermit-abi,0.5.2,MIT OR Apache-2.0,
Rust,hex,0.4.3,MIT OR Apache-2.0,
Rust,hex-slice,0.1.4,MIT,
Rust,hexasphere,16.0.0,MIT OR Apache-2.0,
Rust,hexf-parse,0.2.1,CC0-1.0,
Rust,hkdf,0.12.4,MIT OR Apache-2.0,
Rust,hmac,0.12.1,MIT OR Apache-2.0,
Rust,home,0.5.12,MIT OR Apache-2.0,
Rust,http,1.4.2,MIT OR Apache-2.0,
Rust,http-body,1.1.0,MIT,
Rust,http-body-util,0.1.4,MIT,
Rust,http-cache,0.21.0,MIT OR Apache-2.0,
Rust,http-cache-reqwest,0.16.0,MIT OR Apache-2.0,
Rust,http-cache-semantics,2.1.1,BSD-2-Clause,
Rust,http-serde,2.1.1,Apache-2.0 OR MIT,
Rust,httparse,1.10.1,MIT OR Apache-2.0,
Rust,httpdate,1.0.3,MIT OR Apache-2.0,
Rust,humantime,2.4.0,MIT OR Apache-2.0,
Rust,hyper,1.11.0,MIT,
Rust,hyper-rustls,0.27.9,Apache-2.0 OR ISC OR MIT,
Rust,hyper-timeout,0.5.2,MIT OR Apache-2.0,
Rust,hyper-util,0.1.20,MIT,
Rust,iana-time-zone,0.1.65,MIT OR Apache-2.0,
Rust,iana-time-zone-haiku,0.1.2,MIT OR Apache-2.0,
Rust,icu_collections,2.2.0,Unicode-3.0,
Rust,icu_locale_core,2.2.0,Unicode-3.0,
Rust,icu_normalizer,2.2.0,Unicode-3.0,
Rust,icu_normalizer_data,2.2.0,Unicode-3.0,
Rust,icu_properties,2.2.0,Unicode-3.0,
Rust,icu_properties_data,2.2.0,Unicode-3.0,
Rust,icu_provider,2.2.0,Unicode-3.0,
Rust,ident_case,1.0.1,MIT/Apache-2.0,
Rust,idna,1.1.0,MIT OR Apache-2.0,
Rust,idna_adapter,1.2.2,Apache-2.0 OR MIT,
Rust,image,0.25.10,MIT OR Apache-2.0,
Rust,imagesize,0.13.0,MIT,
Rust,indent,0.1.1,MPL-2.0,
Rust,indexmap,2.14.0,Apache-2.0 OR MIT,
Rust,indicatif,0.18.6,MIT,
Rust,indoc,2.0.7,MIT OR Apache-2.0,
Rust,infer,0.16.0,MIT,
Rust,inflections,1.1.1,MIT,
Rust,inotify,0.11.4,ISC,
Rust,inotify-sys,0.1.8,ISC,
Rust,inout,0.1.4,MIT OR Apache-2.0,
Rust,insta,1.48.0,Apache-2.0,
Rust,integer-encoding,3.0.4,MIT,
Rust,io-kit-sys,0.4.1,MIT / Apache-2.0,
Rust,ipnet,2.12.0,MIT OR Apache-2.0,
Rust,is-docker,0.2.0,MIT,
Rust,is-wsl,0.4.0,MIT,
Rust,is_terminal_polyfill,1.70.2,MIT OR Apache-2.0,
Rust,itertools,0.14.0,MIT OR Apache-2.0,
Rust,itoa,1.0.18,MIT OR Apache-2.0,
Rust,jiff,0.2.34,Unlicense OR MIT,
Rust,jiff-core,0.1.0,Unlicense OR MIT,
Rust,jiff-static,0.2.34,Unlicense OR MIT,
Rust,jiff-tzdb,0.1.8,Unlicense OR MIT,
Rust,jiff-tzdb-platform,0.1.3,Unlicense OR MIT,
Rust,jni,0.22.4,MIT OR Apache-2.0,
Rust,jni-macros,0.22.4,MIT OR Apache-2.0,
Rust,jni-sys,0.4.1,MIT OR Apache-2.0,
Rust,jni-sys-macros,0.4.1,MIT OR Apache-2.0,
Rust,jobserver,0.1.35,MIT OR Apache-2.0,
Rust,jpeg-decoder,0.3.2,MIT OR Apache-2.0,
Rust,js-sys,0.3.94,MIT OR Apache-2.0,
Rust,jsonwebtoken,10.4.0,MIT,
Rust,khronos-egl,6.0.0,MIT/Apache-2.0,
Rust,khronos_api,3.1.0,Apache-2.0,
Rust,kittest,0.4.0,MIT OR Apache-2.0,
Rust,konst,0.2.20,Zlib,
Rust,konst_macro_rules,0.2.19,Zlib,
Rust,kqueue,1.2.0,MIT,
Rust,kqueue-sys,1.1.2,MIT,
Rust,kstat-rs,0.2.4,MIT OR Apache-2.0,
Rust,kurbo,0.13.1,Apache-2.0 OR MIT,
Rust,lazy_static,1.5.0,MIT OR Apache-2.0,
Rust,lazycell,1.3.0,MIT/Apache-2.0,
Rust,lebe,0.5.3,BSD-3-Clause,
Rust,lexical-core,1.0.6,MIT/Apache-2.0,
Rust,lexical-parse-float,1.0.6,MIT/Apache-2.0,
Rust,lexical-parse-integer,1.0.6,MIT/Apache-2.0,
Rust,lexical-util,1.0.7,MIT/Apache-2.0,
Rust,lexical-write-float,1.0.6,MIT/Apache-2.0,
Rust,lexical-write-integer,1.0.6,MIT/Apache-2.0,
Rust,libc,0.2.189,MIT OR Apache-2.0,
Rust,libloading,0.8.9,ISC,
Rust,libm,0.2.16,MIT,
Rust,libredox,0.1.18,MIT,
Rust,libsqlite3-sys,0.27.0,MIT,
Rust,libudev,0.3.0,MIT,
Rust,libudev-sys,0.1.4,MIT,
Rust,linebender_resource_handle,0.1.1,Apache-2.0 OR MIT,
Rust,linked-hash-map,0.5.6,MIT/Apache-2.0,
Rust,linux-raw-sys,0.12.1,Apache-2.0 WITH LLVM-exception OR Apache-2.0 OR MIT,
Rust,litemap,0.8.2,Unicode-3.0,
Rust,litrs,1.0.0,MIT OR Apache-2.0,
Rust,lock_api,0.4.14,MIT OR Apache-2.0,
Rust,log,0.4.33,MIT OR Apache-2.0,
Rust,log-once,0.4.1,MIT/Apache-2.0,
Rust,lru,0.16.4,MIT,
Rust,lru-slab,0.1.2,MIT OR Apache-2.0 OR Zlib,
Rust,lz4,1.28.1,MIT,
Rust,lz4-sys,1.11.1+lz4-1.10.0,MIT,
Rust,lz4_flex,0.13.1,MIT,
Rust,macaw,0.30.0,MIT OR Apache-2.0,
Rust,mach2,0.6.0,BSD-2-Clause OR MIT OR Apache-2.0,
Rust,malloc_buf,0.0.6,MIT,
Rust,matchers,0.2.0,MIT,
Rust,matchit,0.8.4,MIT AND BSD-3-Clause,
Rust,matrixmultiply,0.3.11,MIT/Apache-2.0,
Rust,mavlink,0.18.0,Proprietary,
Rust,mavlink-bindgen,0.18.0,Proprietary,
Rust,mavlink-core,0.18.0,Proprietary,
Rust,mcap,0.24.0,MIT,
Rust,md-5,0.10.6,MIT OR Apache-2.0,
Rust,md5,0.7.0,Apache-2.0/MIT,
Rust,memchr,2.8.3,Unlicense OR MIT,
Rust,memmap2,0.9.11,MIT OR Apache-2.0,
Rust,memoffset,0.9.1,MIT,
Rust,memory-stats,1.2.0,MIT OR Apache-2.0,
Rust,metal,0.27.0,MIT OR Apache-2.0,
Rust,miette,5.10.0,Apache-2.0,
Rust,miette-derive,5.10.0,Apache-2.0,
Rust,mime,0.3.17,MIT OR Apache-2.0,
Rust,mime_guess2,2.3.1,MIT,
Rust,minidom-14,0.17.0,MPL-2.0,
Rust,minimal-lexical,0.2.1,MIT/Apache-2.0,
Rust,miniz_oxide,0.8.9,MIT OR Zlib OR Apache-2.0,
Rust,mio,1.2.2,MIT,
Rust,moxcms,0.8.1,BSD-3-Clause OR Apache-2.0,
Rust,mp4ra-rust,0.3.0,MIT/Apache-2.0,
Rust,mpeg4-audio-const,0.2.0,MIT/Apache-2.0,
Rust,naga,29.0.4,MIT OR Apache-2.0,
Rust,nalgebra,0.35.0,Apache-2.0,
Rust,nalgebra-macros,0.3.0,Apache-2.0,
Rust,nasm-rs,0.3.2,MIT OR Apache-2.0,
Rust,natord,1.0.9,MIT,
Rust,ndarray,0.16.1,MIT OR Apache-2.0,
Rust,ndk,0.9.0,MIT OR Apache-2.0,
Rust,ndk-context,0.1.1,MIT OR Apache-2.0,
Rust,ndk-sys,0.6.0+11769913,MIT OR Apache-2.0,
Rust,never,0.1.0,BSD-3-Clause,
Rust,nix,0.26.4,MIT,
Rust,nohash-hasher,0.2.0,Apache-2.0 OR MIT,
Rust,nom,7.1.3,MIT,
Rust,notify,8.2.0,CC0-1.0,
Rust,notify-types,2.1.0,MIT OR Apache-2.0,
Rust,ntapi,0.4.3,Apache-2.0 OR MIT,
Rust,nu-ansi-term,0.50.3,MIT,
Rust,num-bigint,0.4.8,MIT OR Apache-2.0,
Rust,num-complex,0.4.6,MIT OR Apache-2.0,
Rust,num-conv,0.2.2,MIT OR Apache-2.0,
Rust,num-derive,0.4.2,MIT OR Apache-2.0,
Rust,num-integer,0.1.46,MIT OR Apache-2.0,
Rust,num-rational,0.4.2,MIT OR Apache-2.0,
Rust,num-traits,0.2.19,MIT OR Apache-2.0,
Rust,num_cpus,1.17.0,MIT OR Apache-2.0,
Rust,num_enum,0.7.6,BSD-3-Clause OR MIT OR Apache-2.0,
Rust,num_enum_derive,0.7.6,BSD-3-Clause OR MIT OR Apache-2.0,
Rust,num_threads,0.1.7,MIT OR Apache-2.0,
Rust,nvml-wrapper,0.9.0,MIT OR Apache-2.0,
Rust,nvml-wrapper-sys,0.7.0,MIT OR Apache-2.0,
Rust,objc,0.2.7,MIT,
Rust,objc-sys,0.3.5,MIT,
Rust,objc2,0.6.4,MIT,
Rust,objc2-app-kit,0.3.2,Zlib OR Apache-2.0 OR MIT,
Rust,objc2-cloud-kit,0.2.2,MIT,
Rust,objc2-contacts,0.2.2,MIT,
Rust,objc2-core-data,0.2.2,MIT,
Rust,objc2-core-foundation,0.3.2,Zlib OR Apache-2.0 OR MIT,
Rust,objc2-core-graphics,0.3.2,Zlib OR Apache-2.0 OR MIT,
Rust,objc2-core-image,0.2.2,MIT,
Rust,objc2-core-location,0.2.2,MIT,
Rust,objc2-encode,4.1.0,MIT,
Rust,objc2-foundation,0.3.2,MIT,
Rust,objc2-io-kit,0.3.2,Zlib OR Apache-2.0 OR MIT,
Rust,objc2-io-surface,0.3.2,Zlib OR Apache-2.0 OR MIT,
Rust,objc2-link-presentation,0.2.2,MIT,
Rust,objc2-metal,0.3.2,Zlib OR Apache-2.0 OR MIT,
Rust,objc2-quartz-core,0.3.2,Zlib OR Apache-2.0 OR MIT,
Rust,objc2-symbols,0.2.2,MIT,
Rust,objc2-ui-kit,0.3.2,Zlib OR Apache-2.0 OR MIT,
Rust,objc2-uniform-type-identifiers,0.2.2,MIT,
Rust,objc2-user-notifications,0.2.2,MIT,
Rust,objc_exception,0.1.2,MIT,
Rust,object,0.37.3,Apache-2.0 OR MIT,
Rust,object_store,0.12.5,MIT/Apache-2.0,
Rust,once_cell,1.21.4,MIT OR Apache-2.0,
Rust,once_cell_polyfill,1.70.2,MIT OR Apache-2.0,
Rust,opaque-debug,0.3.1,MIT OR Apache-2.0,
Rust,open,5.4.0,MIT,
Rust,openssl-probe,0.2.1,MIT OR Apache-2.0,
Rust,opentelemetry,0.31.0,Apache-2.0,
Rust,opentelemetry-appender-tracing,0.31.1,Apache-2.0,
Rust,opentelemetry-http,0.31.0,Apache-2.0,
Rust,opentelemetry-otlp,0.31.1,Apache-2.0,
Rust,opentelemetry-proto,0.31.0,Apache-2.0,
Rust,opentelemetry_sdk,0.31.0,Apache-2.0,
Rust,option-ext,0.2.0,MPL-2.0,
Rust,orbclient,0.3.55,MIT,
Rust,ordered-float,5.3.0,MIT,
Rust,ordered-stream,0.2.0,MIT OR Apache-2.0,
Rust,osqp,1.0.1,Apache-2.0,
Rust,osqp-sys,1.0.1,Apache-2.0,
Rust,owo-colors,3.5.0,MIT,
Rust,parking,2.2.1,Apache-2.0 OR MIT,
Rust,parking_lot,0.12.5,MIT OR Apache-2.0,
Rust,parking_lot_core,0.9.12,MIT OR Apache-2.0,
Rust,parquet,57.3.1,Apache-2.0,
Rust,password-hash,0.4.2,MIT OR Apache-2.0,
Rust,paste,1.0.15,MIT OR Apache-2.0,
Rust,pathdiff,0.2.3,MIT/Apache-2.0,
Rust,pbkdf2,0.11.0,MIT OR Apache-2.0,
Rust,peeking_take_while,0.1.2,Apache-2.0/MIT,
Rust,peg,0.8.6,MIT,
Rust,peg-macros,0.8.6,MIT,
Rust,peg-runtime,0.8.6,MIT,
Rust,peng_quad,0.5.6,Proprietary,
Rust,peniko,0.6.1,Apache-2.0 OR MIT,
Rust,percent-encoding,2.3.2,MIT OR Apache-2.0,
Rust,petgraph,0.8.3,MIT OR Apache-2.0,
Rust,phf,0.13.1,MIT,
Rust,phf_generator,0.13.1,MIT,
Rust,phf_macros,0.13.1,MIT,
Rust,phf_shared,0.13.1,MIT,
Rust,pico-args,0.5.0,MIT,
Rust,pin-project,1.1.13,Apache-2.0 OR MIT,
Rust,pin-project-internal,1.1.13,Apache-2.0 OR MIT,
Rust,pin-project-lite,0.2.17,Apache-2.0 OR MIT,
Rust,piper,0.2.5,MIT OR Apache-2.0,
Rust,pkg-config,0.3.33,MIT OR Apache-2.0,
Rust,plain,0.2.3,MIT/Apache-2.0,
Rust,ply-rs-bw,3.0.0,MIT,
Rust,png,0.18.1,MIT OR Apache-2.0,
Rust,poll-promise,0.3.0,MIT OR Apache-2.0,
Rust,polling,3.11.0,Apache-2.0 OR MIT,
Rust,pollster,0.4.0,Apache-2.0/MIT,
Rust,polycool,0.4.0,MIT OR Apache-2.0,
Rust,polyval,0.6.2,Apache-2.0 OR MIT,
Rust,portable-atomic,1.14.0,Apache-2.0 OR MIT,
Rust,portable-atomic-util,0.2.7,Apache-2.0 OR MIT,
Rust,potential_utf,0.1.5,Unicode-3.0,
Rust,powerfmt,0.2.0,MIT OR Apache-2.0,
Rust,ppv-lite86,0.2.21,MIT OR Apache-2.0,
Rust,presser,0.3.1,MIT OR Apache-2.0,
Rust,proc-macro-crate,3.5.0,MIT OR Apache-2.0,
Rust,proc-macro2,1.0.107,MIT OR Apache-2.0,
Rust,profiling,1.0.18,MIT OR Apache-2.0,
Rust,profiling-procmacros,1.0.18,MIT OR Apache-2.0,
Rust,prometheus-client,0.24.1,Apache-2.0 OR MIT,
Rust,prometheus-client-derive-encode,0.5.0,Apache-2.0 OR MIT,
Rust,prost,0.14.4,Apache-2.0,
Rust,prost-derive,0.14.4,Apache-2.0,
Rust,prost-reflect,0.16.5,MIT OR Apache-2.0,
Rust,prost-types,0.14.4,Apache-2.0,
Rust,puffin,0.20.0,MIT OR Apache-2.0,
Rust,puffin_http,0.16.1,MIT OR Apache-2.0,
Rust,pulldown-cmark,0.13.4,MIT,
Rust,pulp,0.22.3,MIT,
Rust,pulp-wasm-simd-flag,0.1.1,MIT,
Rust,pxfm,0.1.30,BSD-3-Clause OR Apache-2.0,
Rust,qoi,0.4.1,MIT/Apache-2.0,
Rust,quick-error,2.0.1,MIT/Apache-2.0,
Rust,quick-xml,0.41.0,MIT,
Rust,quinn,0.11.11,MIT OR Apache-2.0,
Rust,quinn-proto,0.11.16,MIT OR Apache-2.0,
Rust,quinn-udp,0.5.15,MIT OR Apache-2.0,
Rust,quote,1.0.47,MIT OR Apache-2.0,
Rust,r-efi,6.0.0,MIT OR Apache-2.0 OR LGPL-2.1-or-later,
Rust,r2d2,0.8.10,MIT/Apache-2.0,
Rust,r2d2_sqlite,0.23.0,MIT,
Rust,rand,0.10.2,MIT OR Apache-2.0,
Rust,rand_chacha,0.10.0,MIT OR Apache-2.0,
Rust,rand_core,0.10.1,MIT OR Apache-2.0,
Rust,rand_distr,0.6.0,MIT OR Apache-2.0,
Rust,rand_pcg,0.10.2,MIT OR Apache-2.0,
Rust,range-alloc,0.1.5,MIT OR Apache-2.0,
Rust,ratatui,0.25.0,MIT,
Rust,raw-cpuid,11.6.0,MIT,
Rust,raw-window-handle,0.6.2,MIT OR Apache-2.0 OR Zlib,
Rust,raw-window-metal,1.1.0,MIT OR Apache-2.0,
Rust,rawpointer,0.2.1,MIT/Apache-2.0,
Rust,rayon,1.12.0,MIT OR Apache-2.0,
Rust,rayon-core,1.13.0,MIT OR Apache-2.0,
Rust,re_analytics,0.33.1,MIT OR Apache-2.0,
Rust,re_arrow_ui,0.33.1,MIT OR Apache-2.0,
Rust,re_arrow_util,0.33.1,MIT OR Apache-2.0,
Rust,re_auth,0.33.1,MIT OR Apache-2.0,
Rust,re_backoff,0.33.1,MIT OR Apache-2.0,
Rust,re_blueprint_tree,0.33.1,MIT OR Apache-2.0,
Rust,re_build_info,0.33.1,MIT OR Apache-2.0,
Rust,re_build_tools,0.33.1,MIT OR Apache-2.0,
Rust,re_byte_size,0.33.1,MIT OR Apache-2.0,
Rust,re_capabilities,0.33.1,MIT OR Apache-2.0,
Rust,re_case,0.33.1,MIT OR Apache-2.0,
Rust,re_chunk,0.33.1,MIT OR Apache-2.0,
Rust,re_chunk_store,0.33.1,MIT OR Apache-2.0,
Rust,re_chunk_store_ui,0.33.1,MIT OR Apache-2.0,
Rust,re_component_fallbacks,0.33.1,MIT OR Apache-2.0,
Rust,re_component_ui,0.33.1,MIT OR Apache-2.0,
Rust,re_context_menu,0.33.1,MIT OR Apache-2.0,
Rust,re_crash_handler,0.33.1,MIT OR Apache-2.0,
Rust,re_data_source,0.33.1,MIT OR Apache-2.0,
Rust,re_data_ui,0.33.1,MIT OR Apache-2.0,
Rust,re_dataframe,0.33.1,MIT OR Apache-2.0,
Rust,re_dataframe_ui,0.33.1,MIT OR Apache-2.0,
Rust,re_datafusion,0.33.1,MIT OR Apache-2.0,
Rust,re_entity_db,0.33.1,MIT OR Apache-2.0,
Rust,re_error,0.33.1,MIT OR Apache-2.0,
Rust,re_format,0.33.1,MIT OR Apache-2.0,
Rust,re_grpc_client,0.33.1,MIT OR Apache-2.0,
Rust,re_grpc_headers,0.33.1,MIT OR Apache-2.0,
Rust,re_grpc_server,0.33.1,MIT OR Apache-2.0,
Rust,re_importer,0.33.1,MIT OR Apache-2.0,
Rust,re_lenses,0.33.1,MIT OR Apache-2.0,
Rust,re_lenses_core,0.33.1,MIT OR Apache-2.0,
Rust,re_log,0.33.1,MIT OR Apache-2.0,
Rust,re_log_channel,0.33.1,MIT OR Apache-2.0,
Rust,re_log_encoding,0.33.1,MIT OR Apache-2.0,
Rust,re_log_types,0.33.1,MIT OR Apache-2.0,
Rust,re_mcap,0.33.1,MIT OR Apache-2.0,
Rust,re_memory,0.33.1,MIT OR Apache-2.0,
Rust,re_memory_view,0.33.1,MIT OR Apache-2.0,
Rust,re_mp4,0.5.1,MIT,
Rust,re_mutex,0.33.1,MIT OR Apache-2.0,
Rust,re_parquet,0.33.1,MIT OR Apache-2.0,
Rust,re_perf_telemetry,0.33.1,MIT OR Apache-2.0,
Rust,re_plot,0.33.1,MIT OR Apache-2.0,
Rust,re_protos,0.33.1,MIT OR Apache-2.0,
Rust,re_query,0.33.1,MIT OR Apache-2.0,
Rust,re_quota_channel,0.33.1,MIT OR Apache-2.0,
Rust,re_rav1d,0.1.3,BSD-2-Clause,
Rust,re_recording_panel,0.33.1,MIT OR Apache-2.0,
Rust,re_redap_browser,0.33.1,MIT OR Apache-2.0,
Rust,re_redap_client,0.33.1,MIT OR Apache-2.0,
Rust,re_renderer,0.33.1,MIT OR Apache-2.0,
Rust,re_ros_msg,0.33.1,MIT OR Apache-2.0,
Rust,re_rvl,0.33.1,MIT OR Apache-2.0,
Rust,re_sdk,0.33.1,MIT OR Apache-2.0,
Rust,re_sdk_types,0.33.1,MIT OR Apache-2.0,
Rust,re_selection_panel,0.33.1,MIT OR Apache-2.0,
Rust,re_sorbet,0.33.1,MIT OR Apache-2.0,
Rust,re_span,0.33.1,MIT OR Apache-2.0,
Rust,re_string_interner,0.33.1,MIT OR Apache-2.0,
Rust,re_tf,0.33.1,MIT OR Apache-2.0,
Rust,re_time_panel,0.33.1,MIT OR Apache-2.0,
Rust,re_time_ruler,0.33.1,MIT OR Apache-2.0,
Rust,re_tracing,0.33.1,MIT OR Apache-2.0,
Rust,re_tuid,0.33.1,MIT OR Apache-2.0,
Rust,re_types_core,0.33.1,MIT OR Apache-2.0,
Rust,re_ui,0.33.1,(MIT OR Apache-2.0) AND OFL-1.1,
Rust,re_uri,0.33.1,MIT OR Apache-2.0,
Rust,re_video,0.33.1,MIT OR Apache-2.0,
Rust,re_view,0.33.1,MIT OR Apache-2.0,
Rust,re_view_bar_chart,0.33.1,MIT OR Apache-2.0,
Rust,re_view_dataframe,0.33.1,MIT OR Apache-2.0,
Rust,re_view_graph,0.33.1,MIT OR Apache-2.0,
Rust,re_view_map,0.33.1,MIT OR Apache-2.0,
Rust,re_view_spatial,0.33.1,MIT OR Apache-2.0,
Rust,re_view_state_timeline,0.33.1,MIT OR Apache-2.0,
Rust,re_view_tensor,0.33.1,MIT OR Apache-2.0,
Rust,re_view_text_document,0.33.1,MIT OR Apache-2.0,
Rust,re_view_text_log,0.33.1,MIT OR Apache-2.0,
Rust,re_view_time_series,0.33.1,MIT OR Apache-2.0,
Rust,re_viewer,0.33.1,MIT OR Apache-2.0,
Rust,re_viewer_context,0.33.1,MIT OR Apache-2.0,
Rust,re_viewport,0.33.1,MIT OR Apache-2.0,
Rust,re_viewport_blueprint,0.33.1,MIT OR Apache-2.0,
Rust,re_web_viewer_server,0.33.1,MIT OR Apache-2.0,
Rust,read-fonts,0.37.0,MIT OR Apache-2.0,
Rust,reborrow,0.5.5,MIT,
Rust,redis,0.23.5,BSD-3-Clause,
Rust,redox_syscall,0.9.0,MIT,
Rust,redox_users,0.5.2,MIT,
Rust,ref-cast,1.0.26,MIT OR Apache-2.0,
Rust,ref-cast-impl,1.0.26,MIT OR Apache-2.0,
Rust,reflink-copy,0.1.30,MIT/Apache-2.0,
Rust,regex,1.13.1,MIT OR Apache-2.0,
Rust,regex-automata,0.4.16,MIT OR Apache-2.0,
Rust,regex-lite,0.1.9,MIT OR Apache-2.0,
Rust,regex-syntax,0.8.11,MIT OR Apache-2.0,
Rust,renderdoc-sys,1.1.0,MIT OR Apache-2.0,
Rust,reqwest,0.12.28,MIT OR Apache-2.0,
Rust,reqwest-middleware,0.4.2,MIT OR Apache-2.0,
Rust,rerun,0.33.1,MIT OR Apache-2.0,
Rust,resvg,0.45.1,Apache-2.0 OR MIT,
Rust,rexif,0.7.5,MIT,
Rust,rfc6381-codec,0.2.0,MIT/Apache-2.0,
Rust,rfd,0.17.2,MIT,
Rust,rgb,0.8.53,MIT,
Rust,ring,0.17.14,Apache-2.0 AND ISC,
Rust,rmp,0.8.15,MIT,
Rust,rmp-serde,1.3.1,MIT,
Rust,ron,0.12.2,MIT OR Apache-2.0,
Rust,roxmltree,0.20.0,MIT OR Apache-2.0,
Rust,rusqlite,0.30.0,MIT,
Rust,rustc-demangle,0.1.28,MIT/Apache-2.0,
Rust,rustc-hash,2.1.3,Apache-2.0 OR MIT,
Rust,rustc_version,0.4.1,MIT OR Apache-2.0,
Rust,rustix,1.1.4,Apache-2.0 WITH LLVM-exception OR Apache-2.0 OR MIT,
Rust,rustls,0.23.42,Apache-2.0 OR ISC OR MIT,
Rust,rustls-native-certs,0.8.4,Apache-2.0 OR ISC OR MIT,
Rust,rustls-pki-types,1.15.1,MIT OR Apache-2.0,
Rust,rustls-webpki,0.103.13,ISC,
Rust,rustversion,1.0.23,MIT OR Apache-2.0,
Rust,ryu,1.0.23,Apache-2.0 OR BSL-1.0,
Rust,safe_arch,1.1.0,Zlib OR Apache-2.0 OR MIT,
Rust,safetensors,0.4.5,Apache-2.0,
Rust,same-file,1.0.6,Unlicense/MIT,
Rust,sanitize-filename,0.5.0,MIT,
Rust,saturating_cast,0.1.0,MIT OR Apache-2.0,
Rust,schannel,0.1.29,MIT,
Rust,scheduled-thread-pool,0.2.7,MIT/Apache-2.0,
Rust,scoped-tls,1.0.1,MIT/Apache-2.0,
Rust,scopeguard,1.2.0,MIT OR Apache-2.0,
Rust,scuffle-av1,0.1.4,MIT OR Apache-2.0,
Rust,scuffle-bytes-util,0.1.5,MIT OR Apache-2.0,
Rust,scuffle-workspace-hack,0.1.0,MIT OR Apache-2.0,
Rust,security-framework,3.7.0,MIT OR Apache-2.0,
Rust,security-framework-sys,2.17.0,MIT OR Apache-2.0,
Rust,self_cell,1.3.0,Apache-2.0 OR GPL-2.0-only,
Rust,semver,1.0.28,MIT OR Apache-2.0,
Rust,seq-macro,0.3.6,MIT OR Apache-2.0,
Rust,serde,1.0.229,MIT OR Apache-2.0,
Rust,serde-wasm-bindgen,0.6.5,MIT,
Rust,serde-xml-rs,0.6.0,MIT,
Rust,serde_arrays,0.2.0,MIT OR Apache-2.0,
Rust,serde_bytes,0.11.19,MIT OR Apache-2.0,
Rust,serde_core,1.0.229,MIT OR Apache-2.0,
Rust,serde_derive,1.0.229,MIT OR Apache-2.0,
Rust,serde_json,1.0.151,MIT OR Apache-2.0,
Rust,serde_path_to_error,0.1.20,MIT OR Apache-2.0,
Rust,serde_repr,0.1.21,MIT OR Apache-2.0,
Rust,serde_rusqlite,0.34.0,MIT OR Apache-2.0,
Rust,serde_spanned,1.1.1,MIT OR Apache-2.0,
Rust,serde_test,1.0.177,MIT OR Apache-2.0,
Rust,serde_urlencoded,0.7.1,MIT/Apache-2.0,
Rust,serde_yaml,0.9.34+deprecated,MIT OR Apache-2.0,
Rust,serialport,4.9.0,MPL-2.0,
Rust,sha-1,0.10.1,MIT OR Apache-2.0,
Rust,sha1,0.10.7,MIT OR Apache-2.0,
Rust,sha1_smol,1.0.1,BSD-3-Clause,
Rust,sha2,0.10.9,MIT OR Apache-2.0,
Rust,sharded-slab,0.1.7,MIT,
Rust,shlex,2.0.1,MIT OR Apache-2.0,
Rust,signal-hook,0.3.18,Apache-2.0/MIT,
Rust,signal-hook-mio,0.2.5,MIT OR Apache-2.0,
Rust,signal-hook-registry,1.4.8,MIT OR Apache-2.0,
Rust,signature,2.2.0,Apache-2.0 OR MIT,
Rust,simba,0.10.0,Apache-2.0,
Rust,simd-adler32,0.3.10,MIT,
Rust,simd_cesu8,1.2.0,Apache-2.0 OR MIT,
Rust,simdutf8,0.1.5,MIT OR Apache-2.0,
Rust,similar,2.7.0,Apache-2.0,
Rust,similar-asserts,1.7.0,Apache-2.0,
Rust,simple-easing,1.0.2,MIT OR Apache-2.0,
Rust,simplecss,0.2.2,Apache-2.0 OR MIT,
Rust,siphasher,1.0.3,MIT/Apache-2.0,
Rust,skrifa,0.40.0,MIT OR Apache-2.0,
Rust,slab,0.4.12,MIT,
Rust,slotmap,1.1.1,Zlib,
Rust,smallvec,1.15.2,MIT OR Apache-2.0,
Rust,smithay-client-toolkit,0.20.0,MIT,
Rust,smithay-clipboard,0.7.3,MIT,
Rust,smol_str,0.2.2,MIT OR Apache-2.0,
Rust,snap,1.1.2,BSD-3-Clause,
Rust,soapysdr,0.3.3,BSL-1.0/Apache-2.0,
Rust,soapysdr-sys,0.7.5,BSL-1.0/Apache-2.0,
Rust,socket2,0.6.5,MIT OR Apache-2.0,
Rust,spin,0.9.9,MIT,
Rust,spirv,0.4.0+sdk-1.4.341.0,Apache-2.0,
Rust,sqlparser,0.59.0,Apache-2.0,
Rust,sqlparser_derive,0.3.0,Apache-2.0,
Rust,ssri,9.2.0,Apache-2.0,
Rust,stability,0.1.1,MIT,
Rust,stable_deref_trait,1.2.1,MIT OR Apache-2.0,
Rust,static_assertions,1.1.0,MIT OR Apache-2.0,
Rust,stl_io,0.10.0,MIT,
Rust,strict-num,0.1.1,MIT,
Rust,strsim,0.11.1,MIT,
Rust,strum,0.26.3,MIT,
Rust,strum_macros,0.26.4,MIT,
Rust,sublime_fuzzy,0.7.0,UNKNOWN,
Rust,subtle,2.6.1,BSD-3-Clause,
Rust,svgtypes,0.15.3,Apache-2.0 OR MIT,
Rust,symlink,0.1.0,MIT/Apache-2.0,
Rust,syn,3.0.3,MIT OR Apache-2.0,
Rust,sync_wrapper,1.0.2,Apache-2.0,
Rust,synstructure,0.13.2,MIT,
Rust,sysctl,0.5.5,MIT,
Rust,sysinfo,0.38.4,MIT,
Rust,systemstat,0.2.7,Unlicense,
Rust,tap,1.0.1,MIT,
Rust,tch,0.15.0,MIT/Apache-2.0,
Rust,tempfile,3.27.0,MIT OR Apache-2.0,
Rust,termcolor,1.4.1,Unlicense OR MIT,
Rust,text_placeholder,0.5.1,MIT,
Rust,tfhe,0.6.4,BSD-3-Clause-Clear,
Rust,tfhe-versionable,0.1.0,BSD-3-Clause-Clear,
Rust,tfhe-versionable-derive,0.1.0,BSD-3-Clause-Clear,
Rust,thiserror,2.0.19,MIT OR Apache-2.0,
Rust,thiserror-impl,2.0.19,MIT OR Apache-2.0,
Rust,thread-tree,0.3.3,MIT OR Apache-2.0,
Rust,thread_local,1.1.10,MIT OR Apache-2.0,
Rust,thrift,0.17.0,Apache-2.0,
Rust,tiff,0.11.3,MIT,
Rust,time,0.3.54,MIT OR Apache-2.0,
Rust,time-core,0.1.9,MIT OR Apache-2.0,
Rust,time-macros,0.2.32,MIT OR Apache-2.0,
Rust,tiny-keccak,2.0.2,CC0-1.0,
Rust,tiny-skia,0.11.4,BSD-3-Clause,
Rust,tiny-skia-path,0.11.4,BSD-3-Clause,
Rust,tiny_http,0.12.0,MIT OR Apache-2.0,
Rust,tinystr,0.8.3,Unicode-3.0,
Rust,tinyvec,1.12.0,Zlib OR Apache-2.0 OR MIT,
Rust,tinyvec_macros,0.1.1,MIT OR Apache-2.0 OR Zlib,
Rust,to_method,1.1.0,CC0-1.0,
Rust,tobj,4.0.4,MIT,
Rust,tokio,1.53.1,MIT,
Rust,tokio-macros,2.7.1,MIT,
Rust,tokio-rustls,0.26.4,MIT OR Apache-2.0,
Rust,tokio-stream,0.1.19,MIT,
Rust,tokio-tungstenite,0.20.1,MIT,
Rust,tokio-util,0.7.19,MIT,
Rust,toml,1.1.3+spec-1.1.0,MIT OR Apache-2.0,
Rust,toml_datetime,1.1.1+spec-1.1.0,MIT OR Apache-2.0,
Rust,toml_edit,0.25.13+spec-1.1.0,MIT OR Apache-2.0,
Rust,toml_parser,1.1.2+spec-1.1.0,MIT OR Apache-2.0,
Rust,tonic,0.14.6,MIT,
Rust,tonic-prost,0.14.6,MIT,
Rust,tonic-web,0.14.6,MIT,
Rust,tonic-web-wasm-client,0.8.0,MIT/Apache-2.0,
Rust,torch-sys,0.15.0,MIT/Apache-2.0,
Rust,tower,0.5.3,MIT,
Rust,tower-http,0.6.11,MIT,
Rust,tower-layer,0.3.3,MIT,
Rust,tower-service,0.3.3,MIT,
Rust,tracing,0.1.44,MIT,
Rust,tracing-appender,0.2.5,MIT,
Rust,tracing-attributes,0.1.31,MIT,
Rust,tracing-core,0.1.36,MIT,
Rust,tracing-log,0.2.0,MIT,
Rust,tracing-opentelemetry,0.32.1,MIT,
Rust,tracing-serde,0.2.0,MIT,
Rust,tracing-subscriber,0.3.23,MIT,
Rust,tracing-web,0.1.3,MIT OR Apache-2.0,
Rust,try-lock,0.2.5,MIT,
Rust,tungstenite,0.20.1,MIT OR Apache-2.0,
Rust,twox-hash,2.1.3,MIT,
Rust,type-map,0.5.1,MIT/Apache-2.0,
Rust,typed-path,0.12.3,MIT OR Apache-2.0,
Rust,typeid,1.0.3,MIT OR Apache-2.0,
Rust,typenum,1.20.1,MIT OR Apache-2.0,
Rust,uds_windows,1.2.1,MIT,
Rust,unescaper,0.1.10,MIT OR GPL-3.0-only,WARNING: Commercial Conflict
Rust,unicase,2.9.0,MIT OR Apache-2.0,
Rust,unicode-ident,1.0.24,(MIT OR Apache-2.0) AND Unicode-3.0,
Rust,unicode-segmentation,1.13.3,MIT OR Apache-2.0,
Rust,unicode-width,0.2.2,MIT OR Apache-2.0,
Rust,unicode-xid,0.2.6,MIT OR Apache-2.0,
Rust,unindent,0.2.4,MIT OR Apache-2.0,
Rust,unit-prefix,0.5.2,MIT,
Rust,universal-hash,0.5.1,MIT OR Apache-2.0,
Rust,unsafe-libyaml,0.2.11,MIT,
Rust,untrusted,0.9.0,ISC,
Rust,unty,0.0.4,MIT OR Apache-2.0,
Rust,urdf-rs,0.9.0,Apache-2.0,
Rust,ureq,3.3.0,MIT OR Apache-2.0,
Rust,ureq-proto,0.6.0,MIT OR Apache-2.0,
Rust,url,2.5.8,MIT OR Apache-2.0,
Rust,urlencoding,2.1.3,MIT,
Rust,usvg,0.45.1,Apache-2.0 OR MIT,
Rust,utf-8,0.7.6,MIT OR Apache-2.0,
Rust,utf8-zero,0.8.1,MIT OR Apache-2.0,
Rust,utf8_iter,1.0.4,Apache-2.0 OR MIT,
Rust,utf8parse,0.2.2,Apache-2.0 OR MIT,
Rust,uuid,1.24.0,Apache-2.0 OR MIT,
Rust,valuable,0.1.1,MIT,
Rust,vcpkg,0.2.15,MIT/Apache-2.0,
Rust,vec1,1.12.1,MIT OR Apache-2.0,
Rust,vello_common,0.0.6,Apache-2.0 OR MIT,
Rust,vello_cpu,0.0.6,Apache-2.0 OR MIT,
Rust,version_check,0.9.5,MIT/Apache-2.0,
Rust,walkdir,2.5.0,Unlicense/MIT,
Rust,walkers,0.53.0,MIT,
Rust,want,0.3.1,MIT,
Rust,wasi,0.11.1+wasi-snapshot-preview1,Apache-2.0 WITH LLVM-exception OR Apache-2.0 OR MIT,
Rust,wasip2,1.0.4+wasi-0.2.12,Apache-2.0 WITH LLVM-exception OR Apache-2.0 OR MIT,
Rust,wasm-bindgen,0.2.117,MIT OR Apache-2.0,
Rust,wasm-bindgen-futures,0.4.67,MIT OR Apache-2.0,
Rust,wasm-bindgen-macro,0.2.117,MIT OR Apache-2.0,
Rust,wasm-bindgen-macro-support,0.2.117,MIT OR Apache-2.0,
Rust,wasm-bindgen-shared,0.2.117,MIT OR Apache-2.0,
Rust,wasm-streams,0.4.2,MIT OR Apache-2.0,
Rust,wayland-backend,0.3.16,MIT,
Rust,wayland-client,0.31.15,MIT,
Rust,wayland-csd-frame,0.3.0,MIT,
Rust,wayland-cursor,0.31.14,MIT,
Rust,wayland-protocols,0.32.13,MIT,
Rust,wayland-protocols-experimental,20250721.0.1,MIT,
Rust,wayland-protocols-misc,0.3.12,MIT,
Rust,wayland-protocols-plasma,0.3.12,MIT,
Rust,wayland-protocols-wlr,0.3.12,MIT,
Rust,wayland-scanner,0.31.11,MIT,
Rust,wayland-sys,0.31.11,MIT,
Rust,web-sys,0.3.94,MIT OR Apache-2.0,
Rust,web-time,1.1.0,MIT OR Apache-2.0,
Rust,webbrowser,1.2.1,MIT OR Apache-2.0,
Rust,webpki-roots,1.0.9,CDLA-Permissive-2.0,
Rust,weezl,0.1.12,MIT OR Apache-2.0,
Rust,wgpu,29.0.4,MIT OR Apache-2.0,
Rust,wgpu-core,29.0.4,MIT OR Apache-2.0,
Rust,wgpu-core-deps-apple,29.0.4,MIT OR Apache-2.0,
Rust,wgpu-core-deps-emscripten,29.0.4,MIT OR Apache-2.0,
Rust,wgpu-core-deps-wasm,29.0.4,MIT OR Apache-2.0,
Rust,wgpu-core-deps-windows-linux-android,29.0.4,MIT OR Apache-2.0,
Rust,wgpu-hal,29.0.4,MIT OR Apache-2.0,
Rust,wgpu-naga-bridge,29.0.4,MIT OR Apache-2.0,
Rust,wgpu-types,29.0.4,MIT OR Apache-2.0,
Rust,wide,1.5.0,Zlib OR Apache-2.0 OR MIT,
Rust,widestring,1.2.1,MIT OR Apache-2.0,
Rust,wildmatch,2.6.1,MIT,
Rust,winapi,0.3.9,MIT/Apache-2.0,
Rust,winapi-i686-pc-windows-gnu,0.4.0,MIT/Apache-2.0,
Rust,winapi-util,0.1.11,Unlicense OR MIT,
Rust,winapi-x86_64-pc-windows-gnu,0.4.0,MIT/Apache-2.0,
Rust,windows,0.62.2,MIT OR Apache-2.0,
Rust,windows-collections,0.3.2,MIT OR Apache-2.0,
Rust,windows-core,0.62.2,MIT OR Apache-2.0,
Rust,windows-future,0.3.2,MIT OR Apache-2.0,
Rust,windows-implement,0.60.2,MIT OR Apache-2.0,
Rust,windows-interface,0.59.3,MIT OR Apache-2.0,
Rust,windows-link,0.2.1,MIT OR Apache-2.0,
Rust,windows-numerics,0.3.1,MIT OR Apache-2.0,
Rust,windows-result,0.4.1,MIT OR Apache-2.0,
Rust,windows-strings,0.5.1,MIT OR Apache-2.0,
Rust,windows-sys,0.61.2,MIT OR Apache-2.0,
Rust,windows-targets,0.53.5,MIT OR Apache-2.0,
Rust,windows-threading,0.2.1,MIT OR Apache-2.0,
Rust,windows_aarch64_gnullvm,0.53.1,MIT OR Apache-2.0,
Rust,windows_aarch64_msvc,0.53.1,MIT OR Apache-2.0,
Rust,windows_i686_gnu,0.53.1,MIT OR Apache-2.0,
Rust,windows_i686_gnullvm,0.53.1,MIT OR Apache-2.0,
Rust,windows_i686_msvc,0.53.1,MIT OR Apache-2.0,
Rust,windows_x86_64_gnu,0.53.1,MIT OR Apache-2.0,
Rust,windows_x86_64_gnullvm,0.53.1,MIT OR Apache-2.0,
Rust,windows_x86_64_msvc,0.53.1,MIT OR Apache-2.0,
Rust,winit,0.30.13,Apache-2.0,
Rust,winnow,1.0.4,MIT,
Rust,wit-bindgen,0.57.1,Apache-2.0 WITH LLVM-exception OR Apache-2.0 OR MIT,
Rust,wrapcenum-derive,0.4.1,MIT/Apache-2.0,
Rust,writeable,0.6.3,Unicode-3.0,
Rust,x11-dl,2.21.0,MIT,
Rust,x11rb,0.13.2,MIT OR Apache-2.0,
Rust,x11rb-protocol,0.13.2,MIT OR Apache-2.0,
Rust,xcursor,0.3.10,MIT,
Rust,xkbcommon-dl,0.4.2,MIT,
Rust,xkeysym,0.2.1,MIT OR Apache-2.0 OR Zlib,
Rust,xml-rs,0.8.28,MIT,
Rust,xmlwriter,0.1.0,MIT,
Rust,xxhash-rust,0.8.18,BSL-1.0,
Rust,yoke,0.8.3,Unicode-3.0,
Rust,yoke-derive,0.8.2,Unicode-3.0,
Rust,zbus,5.18.0,MIT,
Rust,zbus-lockstep,0.5.2,MIT,
Rust,zbus-lockstep-macros,0.5.2,MIT,
Rust,zbus_macros,5.18.0,MIT,
Rust,zbus_names,4.3.4,MIT,
Rust,zbus_xml,5.2.1,MIT,
Rust,zerocopy,0.8.55,BSD-2-Clause OR Apache-2.0 OR MIT,
Rust,zerocopy-derive,0.8.55,BSD-2-Clause OR Apache-2.0 OR MIT,
Rust,zerofrom,0.1.8,Unicode-3.0,
Rust,zerofrom-derive,0.1.7,Unicode-3.0,
Rust,zeroize,1.9.0,Apache-2.0 OR MIT,
Rust,zeroize_derive,1.5.0,Apache-2.0 OR MIT,
Rust,zerotrie,0.2.4,Unicode-3.0,
Rust,zerovec,0.11.6,Unicode-3.0,
Rust,zerovec-derive,0.11.3,Unicode-3.0,
Rust,zip,8.6.0,MIT,
Rust,zlib-rs,0.6.6,Zlib,
Rust,zmij,1.0.23,MIT,
Rust,zopfli,0.8.3,Apache-2.0,
Rust,zstd,0.13.3,MIT,
Rust,zstd-safe,7.2.4,MIT OR Apache-2.0,
Rust,zstd-sys,2.0.16+zstd.1.5.7,MIT/Apache-2.0,
Rust,zune-core,0.5.1,MIT OR Apache-2.0 OR Zlib,
Rust,zune-inflate,0.2.54,MIT OR Apache-2.0 OR Zlib,
Rust,zune-jpeg,0.5.15,MIT OR Apache-2.0 OR Zlib,
Rust,zvariant,5.13.1,MIT,
Rust,zvariant_derive,5.13.1,MIT,
Rust,zvariant_utils,3.5.0,MIT,
Python,FastAPI,0.111.0,MIT,
Python,Celery,5.4.0,BSD-3-Clause,
Python,PyO3,0.21.0,Apache-2.0,
C++,ORB-SLAM2,1.0.0,GPL-3.0,WARNING: Commercial Conflict
C++,OpenCV,4.10.0,Apache-2.0,
